{
	"Modality": "MR",
	"MagneticFieldStrength": 3,
	"ImagingFrequency": 123.219878,
	"Manufacturer": "Siemens",
	"ManufacturersModelName": "Skyra",
	"InstitutionName": "Lewis Building",
	"InstitutionalDepartmentName": "Department",
	"InstitutionAddress": "Franklin Blvd 1440,Eugene,District,US,97403",
	"DeviceSerialNumber": "45348",
	"StationName": "AWP45348",
	"SeriesInstanceUID": "1.2.826.0.1.3680043.8.498.84795481744150346853659649237259185782",
	"StudyInstanceUID": "1.3.12.2.1107.5.2.19.45348.30000019110823271547300000013",
	"ReferringPhysicianName": "ref, physician",
	"StudyID": "1",
	"PatientName": "G16_S01",
	"PatientID": "19.11.11-10:35:14-STD-1.3.12.2.1107.5.2.19.45348",
	"PatientBirthDate": "1998-10-01",
	"PatientSex": "F",
	"PatientWeight": 48.5344,
	"PatientAge": 21,
	"BodyPartExamined": "BRAIN",
	"PatientPosition": "HFS",
	"ProcedureStepDescription": "csnl^Chavez^Round_Robin",
	"SoftwareVersions": "syngo MR E11",
	"MRAcquisitionType": "3D",
	"SeriesDescription": "mprage_defaced",
	"ProtocolName": "mprage",
	"ScanningSequence": "GR\\IR",
	"SequenceVariant": "SK\\SP\\MP",
	"ScanOptions": "IR",
	"SequenceName": "*tfl3d1_16ns",
	"ImageType": ["DERIVED", "SECONDARY", "M", "NORM", "DIS3D", "DIS2D"],
	"NonlinearGradientCorrection": true,
	"RawImage": false,
	"SeriesNumber": 1005,
	"AcquisitionTime": "10:48:25.450000",
	"AcquisitionDateTime": "2019-11-11T10:48:25.450000",
	"AcquisitionNumber": 1,
	"SliceThickness": 1,
	"SAR": 0.0643565,
	"EchoTime": 0.00343,
	"RepetitionTime": 2.5,
	"SpoilingState": true,
	"InversionTime": 1.1,
	"FlipAngle": 7,
	"PartialFourier": 1,
	"BaseResolution": 256,
	"ShimSetting": [
		-5041,
		7580,
		9036,
		500,
		-146,
		25,
		220,
		-329	],
	"TxRefAmp": 352.153,
	"PhaseResolution": 1,
	"ReceiveCoilName": "Head_32",
	"ReceiveCoilActiveElements": "HEA;HEP",
	"PulseSequenceDetails": "%SiemensSeq%\\tfl",
	"RefLinesPE": 32,
	"CoilCombinationMethod": "Adaptive Combine",
	"ConsistencyInfo": "N4_VE11C_LATEST_20160120",
	"MatrixCoilMode": "GRAPPA",
	"PercentPhaseFOV": 100,
	"PercentSampling": 100,
	"PhaseEncodingSteps": 255,
	"AcquisitionMatrixPE": 256,
	"ReconMatrixPE": 256,
	"ParallelReductionFactorInPlane": 2,
	"PixelBandwidth": 190,
	"DwellTime": 1.03e-05,
	"ImageOrientationPatientDICOM": [
		-0.145838,
		0.989309,
		1.59656e-08,
		-0.0419106,
		-0.00617819,
		-0.999102	],
	"ImageOrientationText": "Sag>Cor(-8.4)>Tra(2.4)",
	"InPlanePhaseEncodingDirectionDICOM": "ROW",
	"BidsGuess": ["anat","_acq-tfl3p2_run-1005_T1w"],
	"ConversionSoftware": "dcm2niix",
	"ConversionSoftwareVersion": "v1.0.20240202"
}
